Title,Subtitle,Description,Purpose,Audience,Topic Area,Flagship
"The State of AI in Campaigns: 2026","An annual field report on where the tools, the rules, and the risks actually stand","A plain-language survey of what changed this year in AI-made political video: adoption, disclosure laws, deepfake incidents, and what's coming next.","Establish CampaignAI as the authoritative annual voice on the field","Campaign professionals, journalists, funders","Industry & Future","Yes (animated)"
"Proving It's Really You: The Case for Verified Human","Why the real question isn't whether AI was used, but whether a real campaign stands behind the video","Lays out the accountability problem AI creates and the verification approach that answers it.","Own the verification conversation and tie it to our thesis","Candidates, consultants, press","Deepfakes & Verification","Yes (animated)"
"The Lines We Won't Cross","The uses of AI in campaigns we refuse to touch, and why drawing them is a feature","Our ethical red lines, stated plainly, with the reasoning behind each one.","Signal trustworthy, responsible leadership in a distrusted space","Ethics-minded voters, funders, press","AI Ethics","Yes (animated)"
"The 50-State Maze of AI Disclosure","A field guide to the patchwork of disclosure rules, and how to stay clean in all of it","Explains how requirements differ by state, what's pending, and how disclosure labels actually work.","Demonstrate deep, practical compliance expertise","Campaign managers, compliance staff, counsel","Disclosure & Compliance","Yes (animated)"
"The Deepfake Is Coming for Your Campaign. Here's Your Plan.","A calm, concrete playbook for the synthetic-media attack you hope never comes","Steps to prepare for, detect, and respond to a deepfake of your candidate.","Position CampaignAI as the field's trusted defender","Candidates, comms directors, party staff","Deepfakes & Verification","Yes (animated)"
"What ""I Approve This Message"" Means in the Age of AI","The 20th-century accountability line, updated for synthetic video","How the old broadcast standard translates to a world where anyone can fake a candidate.","Frame CampaignAI as the steward of accountability","General readers, candidates","Disclosure & Compliance",""
"Reading the FEC Tea Leaves","Where federal rules on AI in political ads seem to be heading","A measured read of FEC advisories and proposed rulemaking, and what campaigns should watch.","Show federal-level fluency and foresight","Consultants, counsel, party staff","Disclosure & Compliance",""
"AI Slop Is Losing You Votes","Why lazy, generic AI content backfires, and what the human-decision difference looks like","Makes the case that quality and judgment still decide whether video persuades.","Differentiate craft from commodity AI output","Candidates, consultants","The Craft",""
"Consent, Likeness, and the Synthetic Candidate","The ethics of cloned faces and voices, and where consent has to sit","Explores when it is and isn't acceptable to generate a real person, and our rule on it.","Lead the likeness-ethics conversation","Ethics-minded readers, press","AI Ethics",""
"A Human Makes Every Creative Decision. Here's Why That Matters.","The craft argument against fully-automated campaign video","Why a person in the loop is the difference between a message and a mistake.","Reinforce the human-centered brand promise","Candidates, consultants","The Craft",""
"From Blank Page to Broadcast","The anatomy of an AI-assisted campaign ad, start to finish","A behind-the-scenes walk through how one ad actually gets made.","Make the process tangible and trustworthy","Candidates, curious newcomers","The Craft",""
"Why Your Fifth Video Is Better Than Your First","How context compounds when one system learns your campaign over a cycle","The case for building a body of work instead of one-off ads.","Support the grows-with-you product story","Candidates, campaign managers","The Craft",""
"The $10,000 Ad Agency Is Optional Now","What changes when professional video stops being a luxury","How AI resets the economics of campaign media, and who benefits.","Advance the access-and-affordability thesis","Down-ballot candidates, nonprofits","Access & Democracy",""
"Down-Ballot and Underfunded","AI as the great equalizer for local and long-shot races","Why the biggest impact of AI video is at the bottom of the ballot.","Champion the underserved-races mission","Local candidates, organizers","Access & Democracy",""
"What a Nonprofit Comms Director Can Do With a Small Budget","A practical rundown of mission-driven video on a shoestring","Concrete examples of high-impact video without an agency budget.","Serve and win the nonprofit audience","Nonprofit and advocacy staff","Access & Democracy",""
"Where to Put Your Video (Besides ""Everywhere"")","A channel-by-channel strategy for a finished ad","Matching cut, length, and placement to each channel from social to broadcast.","Deliver practical value and cross-link the Channels page","Campaign staff, organizers","Practical How-To",""
"The 3-Second Rule","Hooks that survive the scroll on social feeds","What makes the opening seconds of a political video actually hold attention.","Provide shareable, expert craft guidance","Digital directors, candidates","Practical How-To",""
"Your GOTV Ad Should Start Being Made in March","Why the closing push is won months before Election Day","How early content quietly assembles the material your final ad needs.","Reinforce the catalogue-building strategy","Campaign managers, strategists","Practical How-To",""
"Connected TV for Campaigns, Explained Without the Jargon","What CTV is, why it matters, and when it's worth it","A jargon-free primer on streaming-TV advertising for campaigns.","Establish authority on an emerging channel","Consultants, media buyers","Industry & Future",""
"What the Consultants Get Wrong About AI","A friendly, contrarian take on the industry's blind spots","Challenges common assumptions about where AI helps and where it doesn't.","Spark conversation and show independent thinking","Consultants, insiders","Industry & Future",""
"The Next Election Is Won on Trust, Not Reach","Why authenticity is becoming the scarce resource","Argues that as synthetic content floods every feed, provable trust wins.","Plant a memorable, quotable thesis","Strategists, press, funders","Industry & Future",""
"Built by a Republican, a Democrat, and an Independent","The founding story, and why a multi-partisan tool is the point","How three people who disagree built one thing they all believe in.","Deepen the trust-through-founding-story asset","Everyone","Multi-Partisan & Trust",""
"Why We Won't Pick a Side","Our multi-partisan stance, and the discipline it takes","What it means to serve all candidates who meet our ethics, and why we hold that line.","Reinforce the neutrality that earns broad trust","Candidates across the spectrum","Multi-Partisan & Trust",""
"We Don't Sell Your Data. Here's What We Do Instead.","A plain accounting of what we collect, why, and what we will never do","Transparent walk-through of our data commitments in an era of suspicion.","Turn a privacy promise into a trust advantage","Privacy-conscious readers, funders","Data & Privacy",""
"The Small-Team Campaign's AI Starter Kit","The handful of moves that punch above their weight","A short, do-this-first guide for a campaign of one or two people.","Deliver immediate, practical value to newcomers","First-time and volunteer-run campaigns","Practical How-To",""
